{
  "name": "Project",
  "type": "ARM",
  "dependenceList": [],
  "srcDirs": [
    "src",
    ".pack/Keil/STM32F1xx_DFP.2.3.0/Device/StdPeriph_Driver"
  ],
  "outDir": "build",
  "deviceName": "STM32F103C8",
  "packDir": ".pack/Keil/STM32F1xx_DFP.2.3.0",
  "miscInfo": {
    "lastBuildTime": 1608618345249,
    "uid": "039ad67c40368bf5c353ad512e800c48"
  },
  "virtualFolder": {
    "name": "<virtual_root>",
    "files": [],
    "folders": []
  },
  "targets": {
    "Debug": {
      "excludeList": [
        "src/Start",
        "src/Objects",
        "src/Library",
        "src/Listings",
        "src/User/main0.c",
        "STM32F10x_StdPeriph_Driver/src",
        "STM32F10x_StdPeriph_Driver/system_stm32f10x.c",
        "STM32F10x_StdPeriph_Driver/inc",
        "src/User/stm32f10x_it.c",
        ".pack/Keil/STM32F1xx_DFP.2.3.0/Device/Source/ARM"
      ],
      "toolchain": "AC5",
      "compileConfig": {
        "cpuType": "Cortex-M3",
        "floatingPointHardware": "none",
        "useCustomScatterFile": false,
        "scatterFilePath": "<YOUR_SCATTER_FILE>.sct",
        "storageLayout": {
          "RAM": [
            {
              "tag": "IRAM",
              "id": 1,
              "mem": {
                "startAddr": "0x20000000",
                "size": "0x5000"
              },
              "isChecked": true,
              "noInit": false
            }
          ],
          "ROM": [
            {
              "tag": "IROM",
              "id": 1,
              "mem": {
                "startAddr": "0x08000000",
                "size": "0x10000"
              },
              "isChecked": true,
              "isStartup": true
            }
          ]
        },
        "options": "null"
      },
      "uploader": "OpenOCD",
      "uploadConfig": {
        "bin": "",
        "target": "stm32f1x",
        "interface": "stlink-v2",
        "baseAddr": "0x08000000"
      },
      "uploadConfigMap": {
        "JLink": {
          "bin": "",
          "baseAddr": "0x08000000",
          "cpuInfo": {
            "vendor": "ST",
            "cpuName": "STM32F103C8"
          },
          "proType": 1,
          "speed": 8000,
          "otherCmds": ""
        },
        "STLink": {
          "bin": "",
          "proType": "SWD",
          "resetMode": "default",
          "runAfterProgram": true,
          "speed": 4000,
          "address": "0x08000000",
          "elFile": "None",
          "optionBytes": ".eide/debug.st.option.bytes.ini",
          "otherCmds": ""
        },
        "OpenOCD": {
          "bin": "",
          "target": "stm32f1x",
          "interface": "stlink",
          "baseAddr": "0x08000000"
        }
      },
      "custom_dep": {
        "name": "default",
        "incList": [
          ".",
          "cmsis"
        ],
        "libList": [],
        "defineList": [
          "USE_STDPERIPH_DRIVER",
          "STM32F10X_MD"
        ]
      }
    }
  },
  "version": "3.4"
}